"Common.Name","Code","Group","spp.num","name","in_bbs_aou","in_bbs_name","in_bbs","bbs_english"
"Abert's Towhee","ABTO","aridlands",5920,"Abert's Towhee",TRUE,TRUE,TRUE,"Abert's Towhee"
"Acadian Flycatcher","ACFL","eastern_forests",4650,"Acadian Flycatcher",TRUE,TRUE,TRUE,"Acadian Flycatcher"
"Acorn Woodpecker","ACWO","western_forests",4070,"Acorn Woodpecker",TRUE,TRUE,TRUE,"Acorn Woodpecker"
"Alder Flycatcher","ALFL","boreal_forests",4661,"Alder Flycatcher",TRUE,TRUE,TRUE,"Alder Flycatcher"
"Allen's Hummingbird","ALHU","aridlands",4340,"Allen's Hummingbird",TRUE,TRUE,TRUE,"Allen's Hummingbird"
"Altamira Oriole","ALOR","subtropical_forests",5031,"Altamira Oriole",TRUE,TRUE,TRUE,"Altamira Oriole"
"American Avocet","AMAV","marshlands",2250,"American Avocet",TRUE,TRUE,TRUE,"American Avocet"
"American Bittern","AMBI","marshlands",1900,"American Bittern",TRUE,TRUE,TRUE,"American Bittern"
"American Black Duck","ABDU","waterbirds",1330,"American Black Duck",TRUE,TRUE,TRUE,"American Black Duck"
"American Coot","AMCO","marshlands",2210,"American Coot",TRUE,TRUE,TRUE,"American Coot"
"American Crow","AMCR","generalists",4880,"American Crow",TRUE,TRUE,TRUE,"American Crow"
"American Dipper","AMDI","western_forests",7010,"American Dipper",TRUE,TRUE,TRUE,"American Dipper"
"American Golden-Plover","AMGP","waterbirds",2720,"American Golden-Plover",TRUE,TRUE,TRUE,"American Golden-Plover"
"American Goldfinch","AMGO","generalists",5290,"American Goldfinch",TRUE,TRUE,TRUE,"American Goldfinch"
"American Kestrel","AMKE","generalists",3600,"American Kestrel",TRUE,TRUE,TRUE,"American Kestrel"
"American Oystercatcher","AMOY","coastal",2860,"American Oystercatcher",TRUE,TRUE,TRUE,"American Oystercatcher"
"American Pipit","AMPI","arctic",6970,"American Pipit",TRUE,TRUE,TRUE,"American Pipit"
"American Redstart","AMRE","boreal_forests",6870,"American Redstart",TRUE,TRUE,TRUE,"American Redstart"
"American Robin","AMRO","generalists",7610,"American Robin",TRUE,TRUE,TRUE,"American Robin"
"American Three-toed Woodpecker","ATTW","boreal_forests",4010,"American Three-toed Woodpecker",TRUE,TRUE,TRUE,"American Three-toed Woodpecker"
"American Tree Sparrow","ATSP","arctic",5590,"American Tree Sparrow",TRUE,TRUE,TRUE,"American Tree Sparrow"
"American White Pelican","AWPE","marshlands",1250,"American White Pelican",TRUE,TRUE,TRUE,"American White Pelican"
"American Wigeon","AMWI","marshlands",1370,"American Wigeon",TRUE,TRUE,TRUE,"American Wigeon"
"American Woodcock","AMWO","eastern_forests",2280,"American Woodcock",TRUE,TRUE,TRUE,"American Woodcock"
"Ancient Murrelet","ANMU","coastal",210,"Ancient Murrelet",TRUE,TRUE,TRUE,"Ancient Murrelet"
"Anhinga","ANHI","marshlands",1180,"Anhinga",TRUE,TRUE,TRUE,"Anhinga"
"Anna's Hummingbird","ANHU","generalists",4310,"Anna's Hummingbird",TRUE,TRUE,TRUE,"Anna's Hummingbird"
"Aplomado Falcon","APFA","grasslands",3590,"Aplomado Falcon",TRUE,TRUE,TRUE,"Aplomado Falcon"
"Arctic Tern","ARTE","waterbirds",710,"Arctic Tern",TRUE,TRUE,TRUE,"Arctic Tern"
"Arctic Warbler","ARWA","arctic",7470,"Arctic Warbler",TRUE,TRUE,TRUE,"Arctic Warbler"
"Arizona Woodpecker","ARWO","subtropical_forests",3980,"Arizona Woodpecker",FALSE,TRUE,TRUE,"Arizona Woodpecker"
"Ash-throated Flycatcher","ATFL","aridlands",4540,"Ash-throated Flycatcher",TRUE,TRUE,TRUE,"Ash-throated Flycatcher"
"Audubon's Oriole","AUOR","subtropical_forests",5030,"Audubon's Oriole",TRUE,TRUE,TRUE,"Audubon's Oriole"
"Bachman's Sparrow","BACS","eastern_forests",5750,"Bachman's Sparrow",TRUE,TRUE,TRUE,"Bachman's Sparrow"
"Baird's Sandpiper","BASA","waterbirds",2410,"Baird's Sandpiper",TRUE,TRUE,TRUE,"Baird's Sandpiper"
"Baird's Sparrow","BAIS","grasslands",5450,"Baird's Sparrow",TRUE,TRUE,TRUE,"Baird's Sparrow"
"Bald Eagle","BAEA","generalists",3520,"Bald Eagle",TRUE,TRUE,TRUE,"Bald Eagle"
"Baltimore Oriole","BAOR","eastern_forests",5070,"Baltimore Oriole",TRUE,TRUE,TRUE,"Baltimore Oriole"
"Band-tailed Pigeon","BTPI","western_forests",3120,"Band-tailed Pigeon",TRUE,TRUE,TRUE,"Band-tailed Pigeon"
"Bank Swallow","BANS","generalists",6160,"Bank Swallow",TRUE,TRUE,TRUE,"Bank Swallow"
"Barn Owl","BANO","generalists",NA,NA,FALSE,FALSE,FALSE,NA
"Barn Swallow","BARS","generalists",6130,"Barn Swallow",TRUE,TRUE,TRUE,"Barn Swallow"
"Barred Owl","BADO","eastern_forests",NA,NA,FALSE,TRUE,TRUE,"Barred Owl"
"Barrow's Goldeneye","BAGO","waterbirds",1520,"Barrow's Goldeneye",TRUE,TRUE,TRUE,"Barrow's Goldeneye"
"Bay-breasted Warbler","BBWA","boreal_forests",6600,"Bay-breasted Warbler",TRUE,TRUE,TRUE,"Bay-breasted Warbler"
"Bell's Sparrow","BESP","aridlands",5744,"Bell's Sparrow",FALSE,TRUE,TRUE,"Bell's Sparrow"
"Bell's Vireo","BEVI","aridlands",6330,"Bell's Vireo",TRUE,TRUE,TRUE,"Bell's Vireo"
"Belted Kingfisher","BEKI","generalists",3900,"Belted Kingfisher",TRUE,TRUE,TRUE,"Belted Kingfisher"
"Bendire's Thrasher","BETH","aridlands",7080,"Bendire's Thrasher",TRUE,TRUE,TRUE,"Bendire's Thrasher"
"Bewick's Wren","BEWR","aridlands",7190,"Bewick's Wren",TRUE,TRUE,TRUE,"Bewick's Wren"
"Black Guillemot","BLGU","coastal",270,"Black Guillemot",TRUE,TRUE,TRUE,"Black Guillemot"
"Black Oystercatcher","BLOY","coastal",2870,"Black Oystercatcher",TRUE,TRUE,TRUE,"Black Oystercatcher"
"Black Phoebe","BLPH","generalists",4580,"Black Phoebe",TRUE,TRUE,TRUE,"Black Phoebe"
"Black Rail","BLRA","marshlands",2160,"Black Rail",TRUE,TRUE,TRUE,"Black Rail"
"Black Rosy-Finch","BLRF","arctic",5250,"Black Rosy-Finch",TRUE,TRUE,TRUE,"Black Rosy-Finch"
"Black Scoter","BLSC","coastal",1630,"Black Scoter",TRUE,TRUE,TRUE,"Black Scoter"
"Black Skimmer","BLSK","coastal",800,"Black Skimmer",TRUE,TRUE,TRUE,"Black Skimmer"
"Black Swift","BLSW","western_forests",4220,"Black Swift",TRUE,TRUE,TRUE,"Black Swift"
"Black Tern","BLTE","marshlands",770,"Black Tern",TRUE,TRUE,TRUE,"Black Tern"
"Black Turnstone","BLTU","coastal",2840,"Black Turnstone",TRUE,TRUE,TRUE,"Black Turnstone"
"Black Turnstone","BLTU","waterbirds",2840,"Black Turnstone",TRUE,TRUE,TRUE,"Black Turnstone"
"Black Vulture","BLVU","generalists",3260,"Black Vulture",TRUE,TRUE,TRUE,"Black Vulture"
"Black-and-white Warbler","BAWW","eastern_forests",6360,"Black-and-white Warbler",TRUE,TRUE,TRUE,"Black-and-white Warbler"
"Black-backed Woodpecker","BBWO","boreal_forests",4000,"Black-backed Woodpecker",TRUE,TRUE,TRUE,"Black-backed Woodpecker"
"Black-bellied Plover","BBPL","waterbirds",2700,"Black-bellied Plover",TRUE,TRUE,TRUE,"Black-bellied Plover"
"Black-bellied Whistling-Duck","BBWD","marshlands",1770,"Black-bellied Whistling-Duck",TRUE,TRUE,TRUE,"Black-bellied Whistling-Duck"
"Black-billed Cuckoo","BBCU","eastern_forests",3880,"Black-billed Cuckoo",TRUE,TRUE,TRUE,"Black-billed Cuckoo"
"Black-billed Magpie","BBMA","generalists",4750,"Black-billed Magpie",TRUE,TRUE,TRUE,"Black-billed Magpie"
"Blackburnian Warbler","BLBW","boreal_forests",6620,"Blackburnian Warbler",TRUE,TRUE,TRUE,"Blackburnian Warbler"
"Black-capped Chickadee","BCCH","boreal_forests",7350,"Black-capped Chickadee",TRUE,TRUE,TRUE,"Black-capped Chickadee"
"Black-capped Vireo","BCVI","aridlands",6300,"Black-capped Vireo",TRUE,TRUE,TRUE,"Black-capped Vireo"
"Black-chinned Hummingbird","BCHU","aridlands",4290,"Black-chinned Hummingbird",TRUE,TRUE,TRUE,"Black-chinned Hummingbird"
"Black-chinned Sparrow","BCSP","aridlands",5650,"Black-chinned Sparrow",TRUE,TRUE,TRUE,"Black-chinned Sparrow"
"Black-crested Titmouse","BCTI","subtropical_forests",7320,"Black-crested Titmouse",TRUE,TRUE,TRUE,"Black-crested Titmouse"
"Black-crowned Night-Heron","BCNH","marshlands",2020,"Black-crowned Night-Heron",TRUE,FALSE,TRUE,"Black-crowned Night Heron"
"Black-headed Grosbeak","BHGR","western_forests",5960,"Black-headed Grosbeak",TRUE,TRUE,TRUE,"Black-headed Grosbeak"
"Black-headed Gull","BHGU","coastal",551,"Black-headed Gull",TRUE,TRUE,TRUE,"Black-headed Gull"
"Black-legged Kittiwake","BLKI","coastal",400,"Black-legged Kittiwake",TRUE,TRUE,TRUE,"Black-legged Kittiwake"
"Black-necked Stilt","BNST","marshlands",2260,"Black-necked Stilt",TRUE,TRUE,TRUE,"Black-necked Stilt"
"Blackpoll Warbler","BLPW","boreal_forests",6610,"Blackpoll Warbler",TRUE,TRUE,TRUE,"Blackpoll Warbler"
"Black-tailed Gnatcatcher","BTGN","aridlands",7520,"Black-tailed Gnatcatcher",TRUE,TRUE,TRUE,"Black-tailed Gnatcatcher"
"Black-throated Blue Warbler","BTBW","eastern_forests",6540,"Black-throated Blue Warbler",TRUE,TRUE,TRUE,"Black-throated Blue Warbler"
"Black-throated Gray Warbler","BTYW","western_forests",6650,"Black-throated Gray Warbler",TRUE,TRUE,TRUE,"Black-throated Gray Warbler"
"Black-throated Green Warbler","BTNW","eastern_forests",6670,"Black-throated Green Warbler",TRUE,TRUE,TRUE,"Black-throated Green Warbler"
"Black-throated Sparrow","BTSP","aridlands",5730,"Black-throated Sparrow",TRUE,TRUE,TRUE,"Black-throated Sparrow"
"Black-vented Shearwater","BVSH","coastal",930,"Black-vented Shearwater",FALSE,FALSE,FALSE,NA
"Blue Grosbeak","BLGR","subtropical_forests",5970,"Blue Grosbeak",TRUE,TRUE,TRUE,"Blue Grosbeak"
"Blue Jay","BLJA","eastern_forests",4770,"Blue Jay",TRUE,TRUE,TRUE,"Blue Jay"
"Blue-gray Gnatcatcher","BGGN","generalists",7510,"Blue-gray Gnatcatcher",TRUE,TRUE,TRUE,"Blue-gray Gnatcatcher"
"Blue-headed Vireo","BHVI","eastern_forests",6290,"Blue-headed Vireo",TRUE,TRUE,TRUE,"Blue-headed Vireo"
"Blue-winged Teal","BWTE","marshlands",1400,"Blue-winged Teal",TRUE,TRUE,TRUE,"Blue-winged Teal"
"Blue-winged Warbler","BWWA","eastern_forests",6410,"Blue-winged Warbler",TRUE,TRUE,TRUE,"Blue-winged Warbler"
"Boat-tailed Grackle","BTGR","coastal",5130,"Boat-tailed Grackle",TRUE,TRUE,TRUE,"Boat-tailed Grackle"
"Bobolink","BOBO","grasslands",4940,"Bobolink",TRUE,TRUE,TRUE,"Bobolink"
"Bohemian Waxwing","BOWA","boreal_forests",6180,"Bohemian Waxwing",TRUE,TRUE,TRUE,"Bohemian Waxwing"
"Bonaparte's Gull","BOGU","waterbirds",600,"Bonaparte's Gull",TRUE,TRUE,TRUE,"Bonaparte's Gull"
"Boreal Chickadee","BOCH","boreal_forests",7400,"Boreal Chickadee",TRUE,TRUE,TRUE,"Boreal Chickadee"
"Boreal Owl","BOOW","boreal_forests",3710,"Boreal Owl",TRUE,TRUE,TRUE,"Boreal Owl"
"Botteri's Sparrow","BOSP","grasslands",5760,"Botteri's Sparrow",TRUE,TRUE,TRUE,"Botteri's Sparrow"
"Brandt's Cormorant","BRAC","coastal",1220,"Brandt's Cormorant",TRUE,TRUE,TRUE,"Brandt's Cormorant"
"Brant","BRAN","waterbirds",NA,NA,FALSE,TRUE,TRUE,"Brant"
"Brewer's Blackbird","BRBL","generalists",5100,"Brewer's Blackbird",TRUE,TRUE,TRUE,"Brewer's Blackbird"
"Brewer's Sparrow","BRSP","aridlands",5620,"Brewer's Sparrow",TRUE,TRUE,TRUE,"Brewer's Sparrow"
"Bridled Titmouse","BRTI","subtropical_forests",7340,"Bridled Titmouse",TRUE,TRUE,TRUE,"Bridled Titmouse"
"Broad-billed Hummingbird","BBIH","subtropical_forests",NA,NA,FALSE,TRUE,TRUE,"Broad-billed Hummingbird"
"Broad-tailed Hummingbird","BTAH","western_forests",NA,NA,FALSE,TRUE,TRUE,"Broad-tailed Hummingbird"
"Broad-winged Hawk","BWHA","eastern_forests",3430,"Broad-winged Hawk",TRUE,TRUE,TRUE,"Broad-winged Hawk"
"Bronzed Cowbird","BROC","aridlands",4960,"Bronzed Cowbird",TRUE,TRUE,TRUE,"Bronzed Cowbird"
"Brown Creeper","BRCR","western_forests",7260,"Brown Creeper",TRUE,TRUE,TRUE,"Brown Creeper"
"Brown Pelican","BRPE","coastal",1260,"Brown Pelican",TRUE,TRUE,TRUE,"Brown Pelican"
"Brown Thrasher","BRTH","eastern_forests",7050,"Brown Thrasher",TRUE,TRUE,TRUE,"Brown Thrasher"
"Brown-capped Rosy-Finch","BCRF","arctic",5260,"Brown-capped Rosy-Finch",TRUE,TRUE,TRUE,"Brown-capped Rosy-Finch"
"Brown-crested Flycatcher","BCFL","aridlands",4530,"Brown-crested Flycatcher",TRUE,TRUE,TRUE,"Brown-crested Flycatcher"
"Brown-headed Cowbird","BHCO","generalists",4950,"Brown-headed Cowbird",TRUE,TRUE,TRUE,"Brown-headed Cowbird"
"Brown-headed Nuthatch","BHNU","eastern_forests",7290,"Brown-headed Nuthatch",TRUE,TRUE,TRUE,"Brown-headed Nuthatch"
"Buff-bellied Hummingbird","BBEH","subtropical_forests",NA,NA,FALSE,TRUE,TRUE,"Buff-bellied Hummingbird"
"Buff-breasted Sandpiper","BBSA","waterbirds",2620,"Buff-breasted Sandpiper",TRUE,TRUE,TRUE,"Buff-breasted Sandpiper"
"Bufflehead","BUFF","waterbirds",1530,"Bufflehead",TRUE,TRUE,TRUE,"Bufflehead"
"Bullock's Oriole","BUOR","western_forests",5080,"Bullock's Oriole",TRUE,TRUE,TRUE,"Bullock's Oriole"
"Burrowing Owl","BUOW","grasslands",3780,"Burrowing Owl",TRUE,TRUE,TRUE,"Burrowing Owl"
"Bushtit","BUSH","western_forests",7430,"Bushtit",TRUE,TRUE,TRUE,"Bushtit"
"Cackling Goose","CACG","marshlands",1722,"Cackling Goose",FALSE,TRUE,TRUE,"Cackling Goose"
"Cactus Wren","CACW","aridlands",7130,"Cactus Wren",TRUE,TRUE,TRUE,"Cactus Wren"
"California Gnatcatcher","CAGN","aridlands",7530,"California Gnatcatcher",TRUE,TRUE,TRUE,"California Gnatcatcher"
"California Gull","CAGU","waterbirds",530,"California Gull",TRUE,TRUE,TRUE,"California Gull"
"California Quail","CAQU","aridlands",NA,NA,FALSE,TRUE,TRUE,"California Quail"
"California Scrub-Jay","CASJ","western_forests",NA,NA,FALSE,TRUE,TRUE,"California Scrub-Jay"
"California Thrasher","CATH","aridlands",7100,"California Thrasher",TRUE,TRUE,TRUE,"California Thrasher"
"California Towhee","CALT","aridlands",5911,"California Towhee",TRUE,TRUE,TRUE,"California Towhee"
"Calliope Hummingbird","CAHU","western_forests",4360,"Calliope Hummingbird",TRUE,TRUE,TRUE,"Calliope Hummingbird"
"Canada Goose","CANG","waterbirds",NA,NA,FALSE,TRUE,TRUE,"Canada Goose"
"Canada Jay","CAJA","boreal_forests",NA,NA,FALSE,TRUE,TRUE,"Canada Jay"
"Canada Warbler","CAWA","boreal_forests",6860,"Canada Warbler",TRUE,TRUE,TRUE,"Canada Warbler"
"Canvasback","CANV","marshlands",1470,"Canvasback",TRUE,TRUE,TRUE,"Canvasback"
"Canyon Towhee","CANT","aridlands",5910,"Canyon Towhee",TRUE,TRUE,TRUE,"Canyon Towhee"
"Canyon Wren","CANW","aridlands",7170,"Canyon Wren",TRUE,TRUE,TRUE,"Canyon Wren"
"Cape May Warbler","CMWA","boreal_forests",6500,"Cape May Warbler",TRUE,TRUE,TRUE,"Cape May Warbler"
"Carolina Chickadee","CACH","eastern_forests",7360,"Carolina Chickadee",TRUE,TRUE,TRUE,"Carolina Chickadee"
"Carolina Wren","CARW","eastern_forests",7180,"Carolina Wren",TRUE,TRUE,TRUE,"Carolina Wren"
"Caspian Tern","CATE","waterbirds",640,"Caspian Tern",TRUE,TRUE,TRUE,"Caspian Tern"
"Cassin's Auklet","CAAU","coastal",160,"Cassin's Auklet",TRUE,TRUE,TRUE,"Cassin's Auklet"
"Cassin's Finch","CAFI","western_forests",5180,"Cassin's Finch",TRUE,TRUE,TRUE,"Cassin's Finch"
"Cassin's Kingbird","CAKI","aridlands",4480,"Cassin's Kingbird",TRUE,TRUE,TRUE,"Cassin's Kingbird"
"Cassin's Sparrow","CASP","grasslands",5780,"Cassin's Sparrow",TRUE,TRUE,TRUE,"Cassin's Sparrow"
"Cassin's Vireo","CAVI","western_forests",6292,"Cassin's Vireo",TRUE,TRUE,TRUE,"Plumbeous Vireo"
"Cattle Egret","CAEG","waterbirds",2001,"Cattle Egret",TRUE,FALSE,TRUE,"Western Cattle-Egret"
"Cave Swallow","CASW","aridlands",6121,"Cave Swallow",TRUE,TRUE,TRUE,"Cave Swallow"
"Cedar Waxwing","CEDW","generalists",6190,"Cedar Waxwing",TRUE,TRUE,TRUE,"Cedar Waxwing"
"Cerulean Warbler","CERW","eastern_forests",6580,"Cerulean Warbler",TRUE,TRUE,TRUE,"Cerulean Warbler"
"Chestnut-backed Chickadee","CBCH","western_forests",7410,"Chestnut-backed Chickadee",TRUE,TRUE,TRUE,"Chestnut-backed Chickadee"
"Chestnut-collared Longspur","CCLO","grasslands",5380,"Chestnut-collared Longspur",TRUE,TRUE,TRUE,"Chestnut-collared Longspur"
"Chestnut-sided Warbler","CSWA","eastern_forests",6590,"Chestnut-sided Warbler",TRUE,TRUE,TRUE,"Chestnut-sided Warbler"
"Chihuahuan Raven","CHRA","aridlands",4870,"Chihuahuan Raven",TRUE,TRUE,TRUE,"Chihuahuan Raven"
"Chimney Swift","CHSW","eastern_forests",4230,"Chimney Swift",TRUE,TRUE,TRUE,"Chimney Swift"
"Chipping Sparrow","CHSP","generalists",5600,"Chipping Sparrow",TRUE,TRUE,TRUE,"Chipping Sparrow"
"Chuck-will's-widow","CWWI","eastern_forests",4160,"Chuck-will's-widow",TRUE,TRUE,TRUE,"Chuck-will's-widow"
"Chukar","CHUK","aridlands",NA,NA,FALSE,TRUE,TRUE,"Chukar"
"Cinnamon Teal","CITE","marshlands",1410,"Cinnamon Teal",TRUE,TRUE,TRUE,"Cinnamon Teal"
"Clapper Rail","CLRA","coastal",2110,"Clapper Rail",TRUE,TRUE,TRUE,"Clapper Rail"
"Clark's Grebe","CLGR","marshlands",11,"Clark's Grebe",TRUE,TRUE,TRUE,"Clark's Grebe"
"Clark's Nutcracker","CLNU","western_forests",4910,"Clark's Nutcracker",TRUE,TRUE,TRUE,"Clark's Nutcracker"
"Clay-colored Sparrow","CCSP","grasslands",5610,"Clay-colored Sparrow",TRUE,TRUE,TRUE,"Clay-colored Sparrow"
"Cliff Swallow","CLSW","generalists",6120,"Cliff Swallow",TRUE,TRUE,TRUE,"Cliff Swallow"
"Common Eider","COEI","coastal",1590,"Common Eider",TRUE,TRUE,TRUE,"Common Eider"
"Common Gallinule","COGA","marshlands",2190,"Common Gallinule",TRUE,TRUE,TRUE,"Common Gallinule"
"Common Goldeneye","COGO","waterbirds",1510,"Common Goldeneye",TRUE,TRUE,TRUE,"Common Goldeneye"
"Common Grackle","COGR","eastern_forests",5110,"Common Grackle",TRUE,TRUE,TRUE,"Common Grackle"
"Common Ground-Dove","COGD","aridlands",3200,"Common Ground-Dove",TRUE,FALSE,TRUE,"Common Ground Dove"
"Common Loon","COLO","waterbirds",70,"Common Loon",TRUE,TRUE,TRUE,"Common Loon"
"Common Merganser","COME","waterbirds",1290,"Common Merganser",TRUE,TRUE,TRUE,"Common Merganser"
"Common Murre","COMU","coastal",300,"Common Murre",TRUE,TRUE,TRUE,"Common Murre"
"Common Myna","COMY","urban_suburban",4932,"Common Myna",TRUE,TRUE,TRUE,"Common Myna"
"Common Nighthawk","CONI","generalists",4200,"Common Nighthawk",TRUE,TRUE,TRUE,"Common Nighthawk"
"Common Pauraque","COPA","subtropical_forests",4190,"Common Pauraque",TRUE,TRUE,TRUE,"Common Pauraque"
"Common Poorwill","COPO","aridlands",4180,"Common Poorwill",TRUE,TRUE,TRUE,"Common Poorwill"
"Common Raven","CORA","generalists",4860,"Common Raven",TRUE,TRUE,TRUE,"Common Raven"
"Common Redpoll","CORE","arctic",5280,"Common Redpoll",TRUE,FALSE,TRUE,"(Common Redpoll) Redpoll"
"Common Tern","COTE","waterbirds",700,"Common Tern",TRUE,TRUE,TRUE,"Common Tern"
"Common Yellowthroat","COYE","generalists",6810,"Common Yellowthroat",TRUE,TRUE,TRUE,"Common Yellowthroat"
"Connecticut Warbler","CONW","boreal_forests",6780,"Connecticut Warbler",TRUE,TRUE,TRUE,"Connecticut Warbler"
"Cooper's Hawk","COHA","generalists",3330,"Cooper's Hawk",TRUE,TRUE,TRUE,"Cooper's Hawk"
"Cordilleran Flycatcher","COFL","western_forests",4640,"Cordilleran Flycatcher",TRUE,FALSE,TRUE,"(Cordilleran Flycatcher) Western Flycatcher"
"Costa's Hummingbird","COHU","aridlands",4300,"Costa's Hummingbird",TRUE,TRUE,TRUE,"Costa's Hummingbird"
"Couch's Kingbird","COKI","subtropical_forests",4461,"Couch's Kingbird",TRUE,TRUE,TRUE,"Couch's Kingbird"
"Crested Caracara","CRCA","aridlands",3620,"Crested Caracara",TRUE,TRUE,TRUE,"Crested Caracara"
"Crissal Thrasher","CRTH","aridlands",7120,"Crissal Thrasher",TRUE,TRUE,TRUE,"Crissal Thrasher"
"Curve-billed Thrasher","CBTH","aridlands",7070,"Curve-billed Thrasher",TRUE,TRUE,TRUE,"Curve-billed Thrasher"
"Dark-eyed Junco","DEJU","western_forests",5677,NA,TRUE,FALSE,TRUE,"Dark-eyed Junco (all forms)"
"Dickcissel","DICK","grasslands",6040,"Dickcissel",TRUE,TRUE,TRUE,"Dickcissel"
"Double-crested Cormorant","DCCO","waterbirds",1200,"Double-crested Cormorant",TRUE,TRUE,TRUE,"Double-crested Cormorant"
"Dovekie","DOVE","coastal",340,"Dovekie",FALSE,FALSE,FALSE,NA
"Downy Woodpecker","DOWO","generalists",3940,"Downy Woodpecker",TRUE,TRUE,TRUE,"Downy Woodpecker"
"Dunlin","DUNL","waterbirds",2430,"Dunlin",TRUE,TRUE,TRUE,"Dunlin"
"Dusky Flycatcher","DUFL","western_forests",4690,"Dusky Flycatcher",TRUE,TRUE,TRUE,"Dusky Flycatcher"
"Dusky Grouse","DUGR","western_forests",NA,NA,FALSE,TRUE,TRUE,"Dusky Grouse"
"Dusky-capped Flycatcher","DCFL","western_forests",4550,"Dusky-capped Flycatcher",TRUE,TRUE,TRUE,"Dusky-capped Flycatcher"
"Eared Grebe","EAGR","marshlands",40,"Eared Grebe",TRUE,TRUE,TRUE,"Eared Grebe"
"Eastern Bluebird","EABL","eastern_forests",7660,"Eastern Bluebird",TRUE,TRUE,TRUE,"Eastern Bluebird"
"Eastern Kingbird","EAKI","grasslands",4440,"Eastern Kingbird",TRUE,TRUE,TRUE,"Eastern Kingbird"
"Eastern Meadowlark","EAME","grasslands",5010,"Eastern Meadowlark",TRUE,TRUE,TRUE,"Eastern Meadowlark"
"Eastern Phoebe","EAPH","eastern_forests",4560,"Eastern Phoebe",TRUE,TRUE,TRUE,"Eastern Phoebe"
"Eastern Screech-Owl","EASO","eastern_forests",3730,"Eastern Screech-Owl",TRUE,TRUE,TRUE,"Eastern Screech-Owl"
"Eastern Towhee","EATO","eastern_forests",5870,"Eastern Towhee",TRUE,TRUE,TRUE,"Eastern Towhee"
"Eastern Whip-poor-will","EWPW","eastern_forests",4170,"Eastern Whip-poor-will",FALSE,TRUE,TRUE,"Eastern Whip-poor-will"
"Eastern Wood-Pewee","EAWP","eastern_forests",4610,"Eastern Wood-Pewee",TRUE,TRUE,TRUE,"Eastern Wood-Pewee"
"Emperor Goose","EMGO","waterbirds",1760,"Emperor Goose",TRUE,TRUE,TRUE,"Emperor Goose"
"Eurasian Collared-Dove","EUCD","urban_suburban",NA,NA,FALSE,TRUE,TRUE,"Eurasian Collared-Dove"
"Eurasian Tree Sparrow","ETSP","urban_suburban",6883,"Eurasian Tree Sparrow",TRUE,TRUE,TRUE,"Eurasian Tree Sparrow"
"Eurasian Wigeon","EUWI","marshlands",1360,"Eurasian Wigeon",TRUE,TRUE,TRUE,"Eurasian Wigeon"
"European Starling","EUST","generalists",4930,"European Starling",TRUE,TRUE,TRUE,"European Starling"
"Evening Grosbeak","EVGR","boreal_forests",5140,"Evening Grosbeak",TRUE,TRUE,TRUE,"Evening Grosbeak"
"Ferruginous Hawk","FEHA","grasslands",3480,"Ferruginous Hawk",TRUE,TRUE,TRUE,"Ferruginous Hawk"
"Ferruginous Pygmy-Owl","FEPO","aridlands",3800,"Ferruginous Pygmy-Owl",TRUE,TRUE,TRUE,"Ferruginous Pygmy-Owl"
"Field Sparrow","FISP","eastern_forests",5630,"Field Sparrow",TRUE,TRUE,TRUE,"Field Sparrow"
"Fish Crow","FICR","generalists",4900,"Fish Crow",TRUE,TRUE,TRUE,"Fish Crow"
"Florida Scrub-Jay","FLSJ","subtropical_forests",4790,"Florida Scrub-Jay",TRUE,TRUE,TRUE,"Florida Scrub-Jay"
"Forster's Tern","FOTE","marshlands",690,"Forster's Tern",TRUE,TRUE,TRUE,"Forster's Tern"
"Fox Sparrow","FOSP","boreal_forests",5850,"Fox Sparrow",TRUE,TRUE,TRUE,"Fox Sparrow"
"Franklin's Gull","FRGU","marshlands",590,"Franklin's Gull",TRUE,TRUE,TRUE,"Franklin's Gull"
"Fulvous Whistling-Duck","FUWD","marshlands",1780,"Fulvous Whistling-Duck",TRUE,TRUE,TRUE,"Fulvous Whistling-Duck"
"Gadwall","GADW","marshlands",1350,"Gadwall",TRUE,TRUE,TRUE,"Gadwall"
"Gambel's Quail","GAQU","aridlands",NA,NA,FALSE,TRUE,TRUE,"Gambel's Quail"
"Gila Woodpecker","GIWO","aridlands",4110,"Gila Woodpecker",TRUE,TRUE,TRUE,"Gila Woodpecker"
"Gilded Flicker","GIFL","aridlands",4140,"Gilded Flicker",TRUE,TRUE,TRUE,"Gilded Flicker"
"Glaucous Gull","GLGU","waterbirds",420,"Glaucous Gull",TRUE,TRUE,TRUE,"Glaucous Gull"
"Glaucous-winged Gull","GWGU","coastal",440,"Glaucous-winged Gull",TRUE,TRUE,TRUE,"Glaucous-winged Gull"
"Glossy Ibis","GLIB","marshlands",1860,"Glossy Ibis",TRUE,TRUE,TRUE,"Glossy Ibis"
"Golden Eagle","GOEA","generalists",3490,"Golden Eagle",TRUE,TRUE,TRUE,"Golden Eagle"
"Golden-cheeked Warbler","GCWA","subtropical_forests",6660,"Golden-cheeked Warbler",TRUE,TRUE,TRUE,"Golden-cheeked Warbler"
"Golden-crowned Kinglet","GCKI","boreal_forests",7480,"Golden-crowned Kinglet",TRUE,TRUE,TRUE,"Golden-crowned Kinglet"
"Golden-crowned Sparrow","GCSP","boreal_forests",5570,"Golden-crowned Sparrow",TRUE,TRUE,TRUE,"Golden-crowned Sparrow"
"Golden-fronted Woodpecker","GFWO","subtropical_forests",4100,"Golden-fronted Woodpecker",TRUE,TRUE,TRUE,"Golden-fronted Woodpecker"
"Golden-winged Warbler","GWWA","eastern_forests",6420,"Golden-winged Warbler",TRUE,TRUE,TRUE,"Golden-winged Warbler"
"Grace's Warbler","GRWA","western_forests",6640,"Grace's Warbler",TRUE,TRUE,TRUE,"Grace's Warbler"
"Grasshopper Sparrow","GRSP","grasslands",5460,"Grasshopper Sparrow",TRUE,TRUE,TRUE,"Grasshopper Sparrow"
"Gray Catbird","GRCA","eastern_forests",7040,"Gray Catbird",TRUE,TRUE,TRUE,"Gray Catbird"
"Gray Flycatcher","GRFL","aridlands",4691,"Gray Flycatcher",TRUE,TRUE,TRUE,"Gray Flycatcher"
"Gray Hawk","GRHA","western_forests",3460,"Gray Hawk",TRUE,TRUE,TRUE,"Gray Hawk"
"Gray Kingbird","GRAK","subtropical_forests",4450,"Gray Kingbird",TRUE,TRUE,TRUE,"Gray Kingbird"
"Gray Partridge","GRAP","grasslands",NA,NA,FALSE,TRUE,TRUE,"Gray Partridge"
"Gray Vireo","GRVI","aridlands",6340,"Gray Vireo",TRUE,TRUE,TRUE,"Gray Vireo"
"Gray-cheeked Thrush","GCTH","boreal_forests",7570,"Gray-cheeked Thrush",TRUE,TRUE,TRUE,"Gray-cheeked Thrush"
"Gray-crowned Rosy-Finch","GCRF","arctic",5240,"Gray-crowned Rosy-Finch",TRUE,TRUE,TRUE,"Gray-crowned Rosy-Finch"
"Great Black-backed Gull","GBBG","coastal",470,"Great Black-backed Gull",TRUE,TRUE,TRUE,"Great Black-backed Gull"
"Great Blue Heron","GBHE","waterbirds",1940,"Great Blue Heron",TRUE,TRUE,TRUE,"Great Blue Heron"
"Great Cormorant","GRCO","coastal",1190,"Great Cormorant",TRUE,TRUE,TRUE,"Great Cormorant"
"Great Crested Flycatcher","GCFL","eastern_forests",4520,"Great Crested Flycatcher",TRUE,TRUE,TRUE,"Great Crested Flycatcher"
"Great Egret","GREG","waterbirds",1960,"Great Egret",TRUE,TRUE,TRUE,"Great Egret"
"Great Gray Owl","GGOW","boreal_forests",3700,"Great Gray Owl",TRUE,TRUE,TRUE,"Great Gray Owl"
"Great Horned Owl","GHOW","generalists",3750,"Great Horned Owl",TRUE,TRUE,TRUE,"Great Horned Owl"
"Great Kiskadee","GKIS","subtropical_forests",4490,"Great Kiskadee",TRUE,TRUE,TRUE,"Great Kiskadee"
"Greater Prairie-Chicken","GRPC","grasslands",NA,NA,FALSE,TRUE,TRUE,"Greater Prairie-Chicken"
"Greater Roadrunner","GRRO","aridlands",3850,"Greater Roadrunner",TRUE,TRUE,TRUE,"Greater Roadrunner"
"Greater Sage-Grouse","GRSG","aridlands",NA,NA,FALSE,TRUE,TRUE,"Greater Sage-Grouse"
"Greater Scaup","GRSC","waterbirds",1480,"Greater Scaup",TRUE,TRUE,TRUE,"Greater Scaup"
"Greater White-fronted Goose","GWFG","waterbirds",1710,"Greater White-fronted Goose",TRUE,TRUE,TRUE,"Greater White-fronted Goose"
"Greater Yellowlegs","GRYE","waterbirds",2540,"Greater Yellowlegs",TRUE,TRUE,TRUE,"Greater Yellowlegs"
"Great-tailed Grackle","GTGR","generalists",5120,"Great-tailed Grackle",TRUE,TRUE,TRUE,"Great-tailed Grackle"
"Green Heron","GRHE","marshlands",2010,"Green Heron",TRUE,TRUE,TRUE,"Green Heron"
"Green Jay","GRJA","subtropical_forests",NA,NA,FALSE,TRUE,TRUE,"Green Jay"
"Green Kingfisher","GKIN","waterbirds",3910,"Green Kingfisher",TRUE,TRUE,TRUE,"Green Kingfisher"
"Green-tailed Towhee","GTTO","aridlands",5900,"Green-tailed Towhee",TRUE,TRUE,TRUE,"Green-tailed Towhee"
"Green-winged Teal","GWTE","marshlands",NA,NA,FALSE,TRUE,TRUE,"Green-winged Teal"
"Groove-billed Ani","GBAN","subtropical_forests",3840,"Groove-billed Ani",TRUE,TRUE,TRUE,"Groove-billed Ani"
"Gull-billed Tern","GBTE","coastal",630,"Gull-billed Tern",TRUE,TRUE,TRUE,"Gull-billed Tern"
"Gyrfalcon","GYRF","arctic",3540,"Gyrfalcon",TRUE,TRUE,TRUE,"Gyrfalcon"
"Hairy Woodpecker","HAWO","generalists",3930,"Hairy Woodpecker",TRUE,TRUE,TRUE,"Hairy Woodpecker"
"Hammond's Flycatcher","HAFL","western_forests",4680,"Hammond's Flycatcher",TRUE,TRUE,TRUE,"Hammond's Flycatcher"
"Harlequin Duck","HADU","waterbirds",NA,NA,FALSE,TRUE,TRUE,"Harlequin Duck"
"Harris's Hawk","HASH","aridlands",NA,NA,FALSE,TRUE,TRUE,"Harris's Hawk"
"Harris's Sparrow","HASP","boreal_forests",5530,"Harris's Sparrow",TRUE,TRUE,TRUE,"Harris's Sparrow"
"Heermann's Gull","HEEG","coastal",570,"Heermann's Gull",TRUE,TRUE,TRUE,"Heermann's Gull"
"Henslow's Sparrow","HESP","grasslands",5470,"Henslow's Sparrow",TRUE,TRUE,TRUE,"Henslow's Sparrow"
"Hepatic Tanager","HETA","western_forests",6090,"Hepatic Tanager",TRUE,TRUE,TRUE,"Hepatic Tanager"
"Hermit Thrush","HETH","western_forests",7590,"Hermit Thrush",TRUE,TRUE,TRUE,"Hermit Thrush"
"Hermit Warbler","HEWA","western_forests",6690,"Hermit Warbler",TRUE,TRUE,TRUE,"Hermit Warbler"
"Herring Gull","HERG","waterbirds",510,"Herring Gull",TRUE,TRUE,TRUE,"Herring Gull"
"Hoary Redpoll","HORE","arctic",5270,"Hoary Redpoll",TRUE,FALSE,TRUE,"(Hoary Redpoll) Redpoll"
"Hooded Merganser","HOME","waterbirds",1310,"Hooded Merganser",TRUE,TRUE,TRUE,"Hooded Merganser"
"Hooded Oriole","HOOR","western_forests",5050,"Hooded Oriole",TRUE,TRUE,TRUE,"Hooded Oriole"
"Hooded Warbler","HOWA","eastern_forests",6840,"Hooded Warbler",TRUE,TRUE,TRUE,"Hooded Warbler"
"Hook-billed Kite","HBKI","subtropical_forests",3271,"Hook-billed Kite",TRUE,TRUE,TRUE,"Hook-billed Kite"
"Horned Grebe","HOGR","marshlands",30,"Horned Grebe",TRUE,TRUE,TRUE,"Horned Grebe"
"Horned Lark","HOLA","grasslands",4740,"Horned Lark",TRUE,TRUE,TRUE,"Horned Lark"
"House Finch","HOFI","generalists",5190,"House Finch",TRUE,TRUE,TRUE,"House Finch"
"House Sparrow","HOSP","urban_suburban",6882,"House Sparrow",TRUE,TRUE,TRUE,"House Sparrow"
"House Wren","HOWR","generalists",7210,"House Wren",TRUE,FALSE,TRUE,"Northern House Wren"
"Hudsonian Godwit","HUGO","waterbirds",2510,"Hudsonian Godwit",TRUE,TRUE,TRUE,"Hudsonian Godwit"
"Hutton's Vireo","HUVI","western_forests",6320,"Hutton's Vireo",TRUE,TRUE,TRUE,"Hutton's Vireo"
"Iceland Gull","ICGU","coastal",430,"Iceland Gull",TRUE,TRUE,TRUE,"Iceland Gull"
"Inca Dove","INDO","aridlands",3210,"Inca Dove",TRUE,TRUE,TRUE,"Inca Dove"
"Indigo Bunting","INBU","eastern_forests",5980,"Indigo Bunting",TRUE,TRUE,TRUE,"Indigo Bunting"
"Juniper Titmouse","JUTI","western_forests",7331,"Juniper Titmouse",TRUE,TRUE,TRUE,"Juniper Titmouse"
"Kentucky Warbler","KEWA","eastern_forests",6770,"Kentucky Warbler",TRUE,TRUE,TRUE,"Kentucky Warbler"
"Killdeer","KILL","waterbirds",2730,"Killdeer",TRUE,TRUE,TRUE,"Killdeer"
"King Eider","KIEI","waterbirds",1620,"King Eider",TRUE,TRUE,TRUE,"King Eider"
"King Rail","KIRA","marshlands",2080,"King Rail",TRUE,TRUE,TRUE,"King Rail"
"Kittlitz's Murrelet","KIMU","coastal",240,"Kittlitz's Murrelet",TRUE,TRUE,TRUE,"Kittlitz's Murrelet"
"Ladder-backed Woodpecker","LBWO","aridlands",3960,"Ladder-backed Woodpecker",TRUE,TRUE,TRUE,"Ladder-backed Woodpecker"
"Lapland Longspur","LALO","arctic",5360,"Lapland Longspur",TRUE,TRUE,TRUE,"Lapland Longspur"
"Lark Bunting","LARB","grasslands",6050,"Lark Bunting",TRUE,TRUE,TRUE,"Lark Bunting"
"Lark Sparrow","LASP","aridlands",5520,"Lark Sparrow",TRUE,TRUE,TRUE,"Lark Sparrow"
"Laughing Gull","LAGU","coastal",580,"Laughing Gull",TRUE,TRUE,TRUE,"Laughing Gull"
"Lawrence's Goldfinch","LAGO","aridlands",5310,"Lawrence's Goldfinch",TRUE,TRUE,TRUE,"Lawrence's Goldfinch"
"Lazuli Bunting","LAZB","western_forests",5990,"Lazuli Bunting",TRUE,TRUE,TRUE,"Lazuli Bunting"
"Le Conte's Sparrow","LCSP","grasslands",5480,"Le Conte's Sparrow",TRUE,FALSE,TRUE,"LeConte's Sparrow"
"Le Conte's Thrasher","LCTH","aridlands",7110,"Le Conte's Thrasher",TRUE,FALSE,TRUE,"LeConte's Thrasher"
"Least Bittern","LEBI","marshlands",1910,"Least Bittern",TRUE,TRUE,TRUE,"Least Bittern"
"Least Flycatcher","LEFL","boreal_forests",4670,"Least Flycatcher",TRUE,TRUE,TRUE,"Least Flycatcher"
"Least Grebe","LEGR","marshlands",50,"Least Grebe",TRUE,TRUE,TRUE,"Least Grebe"
"Least Sandpiper","LESA","waterbirds",2420,"Least Sandpiper",TRUE,TRUE,TRUE,"Least Sandpiper"
"Least Tern","LETE","waterbirds",740,"Least Tern",TRUE,TRUE,TRUE,"Least Tern"
"Lesser Black-backed Gull","LBBG","coastal",500,"Lesser Black-backed Gull",TRUE,TRUE,TRUE,"Lesser Black-backed Gull"
"Lesser Goldfinch","LEGO","western_forests",5300,"Lesser Goldfinch",TRUE,TRUE,TRUE,"Lesser Goldfinch"
"Lesser Nighthawk","LENI","aridlands",4210,"Lesser Nighthawk",TRUE,TRUE,TRUE,"Lesser Nighthawk"
"Lesser Prairie-Chicken","LEPC","grasslands",NA,NA,FALSE,TRUE,TRUE,"Lesser Prairie-Chicken"
"Lesser Scaup","LESC","waterbirds",1490,"Lesser Scaup",TRUE,TRUE,TRUE,"Lesser Scaup"
"Lesser Yellowlegs","LEYE","waterbirds",2550,"Lesser Yellowlegs",TRUE,TRUE,TRUE,"Lesser Yellowlegs"
"Lewis's Woodpecker","LEWO","western_forests",4080,"Lewis's Woodpecker",TRUE,TRUE,TRUE,"Lewis's Woodpecker"
"Limpkin","LIMP","marshlands",2070,"Limpkin",TRUE,TRUE,TRUE,"Limpkin"
"Lincoln's Sparrow","LISP","boreal_forests",5830,"Lincoln's Sparrow",TRUE,TRUE,TRUE,"Lincoln's Sparrow"
"Little Blue Heron","LBHE","marshlands",2000,"Little Blue Heron",TRUE,TRUE,TRUE,"Little Blue Heron"
"Little Gull","LIGU","coastal",601,"Little Gull",TRUE,TRUE,TRUE,"Little Gull"
"Little Gull","LIGU","waterbirds",601,"Little Gull",TRUE,TRUE,TRUE,"Little Gull"
"Loggerhead Shrike","LOSH","grasslands",6220,"Loggerhead Shrike",TRUE,TRUE,TRUE,"Loggerhead Shrike"
"Long-billed Curlew","LBCU","grasslands",2640,"Long-billed Curlew",TRUE,TRUE,TRUE,"Long-billed Curlew"
"Long-billed Dowitcher","LBDO","waterbirds",2320,"Long-billed Dowitcher",TRUE,TRUE,TRUE,"Long-billed Dowitcher"
"Long-billed Thrasher","LBTH","subtropical_forests",7060,"Long-billed Thrasher",TRUE,TRUE,TRUE,"Long-billed Thrasher"
"Long-eared Owl","LEOW","western_forests",3660,"Long-eared Owl",TRUE,TRUE,TRUE,"Long-eared Owl"
"Long-tailed Duck","LTDU","waterbirds",1540,"Long-tailed Duck",TRUE,TRUE,TRUE,"Long-tailed Duck"
"Long-tailed Jaeger","LTJA","waterbirds",380,"Long-tailed Jaeger",TRUE,TRUE,TRUE,"Long-tailed Jaeger"
"Louisiana Waterthrush","LOWA","eastern_forests",6760,"Louisiana Waterthrush",TRUE,TRUE,TRUE,"Louisiana Waterthrush"
"Lucy's Warbler","LUWA","aridlands",6430,"Lucy's Warbler",TRUE,TRUE,TRUE,"Lucy's Warbler"
"MacGillivray's Warbler","MGWA","western_forests",6800,"MacGillivray's Warbler",TRUE,TRUE,TRUE,"MacGillivray's Warbler"
"Magnificent Frigatebird","MAFR","coastal",1280,"Magnificent Frigatebird",TRUE,TRUE,TRUE,"Magnificent Frigatebird"
"Magnolia Warbler","MAWA","boreal_forests",6570,"Magnolia Warbler",TRUE,TRUE,TRUE,"Magnolia Warbler"
"Mallard","MALL","waterbirds",1320,"Mallard",TRUE,TRUE,TRUE,"Mallard"
"Mangrove Cuckoo","MACU","coastal",3860,"Mangrove Cuckoo",TRUE,TRUE,TRUE,"Mangrove Cuckoo"
"Marbled Godwit","MAGO","marshlands",2490,"Marbled Godwit",TRUE,TRUE,TRUE,"Marbled Godwit"
"Marbled Murrelet","MAMU","coastal",230,"Marbled Murrelet",TRUE,TRUE,TRUE,"Marbled Murrelet"
"Marsh Wren","MAWR","marshlands",7250,"Marsh Wren",TRUE,TRUE,TRUE,"Marsh Wren"
"McCown's Longspur","MCLO","grasslands",5390,"McCown's Longspur",TRUE,FALSE,TRUE,"Thick-billed Longspur"
"Merlin","MERL","eastern_forests",3570,"Merlin",TRUE,TRUE,TRUE,"Merlin"
"Mew Gull","MEGU","coastal",550,"Mew Gull",TRUE,FALSE,TRUE,"Short-billed Gull"
"Mew Gull","MEGU","waterbirds",550,"Mew Gull",TRUE,FALSE,TRUE,"Short-billed Gull"
"Mexican Jay","MEJA","subtropical_forests",4820,"Mexican Jay",TRUE,TRUE,TRUE,"Mexican Jay"
"Mississippi Kite","MIKI","eastern_forests",3290,"Mississippi Kite",TRUE,TRUE,TRUE,"Mississippi Kite"
"Monk Parakeet","MOPA","urban_suburban",3824,"Monk Parakeet",TRUE,TRUE,TRUE,"Monk Parakeet"
"Montezuma Quail","MONQ","subtropical_forests",NA,NA,FALSE,TRUE,TRUE,"Montezuma Quail"
"Mottled Duck","MODU","marshlands",1340,"Mottled Duck",TRUE,TRUE,TRUE,"Mottled Duck"
"Mountain Bluebird","MOBL","western_forests",7680,"Mountain Bluebird",TRUE,TRUE,TRUE,"Mountain Bluebird"
"Mountain Chickadee","MOCH","western_forests",7380,"Mountain Chickadee",TRUE,TRUE,TRUE,"Mountain Chickadee"
"Mountain Plover","MOPL","grasslands",2810,"Mountain Plover",TRUE,TRUE,TRUE,"Mountain Plover"
"Mountain Quail","MOUQ","western_forests",NA,NA,FALSE,TRUE,TRUE,"Mountain Quail"
"Mourning Dove","MODO","generalists",3160,"Mourning Dove",TRUE,TRUE,TRUE,"Mourning Dove"
"Mourning Warbler","MOWA","boreal_forests",6790,"Mourning Warbler",TRUE,TRUE,TRUE,"Mourning Warbler"
"Muscovy Duck","MUDU","waterbirds",1441,"Muscovy Duck",FALSE,TRUE,TRUE,"Muscovy Duck"
"Mute Swan","MUSW","waterbirds",1782,"Mute Swan",TRUE,TRUE,TRUE,"Mute Swan"
"Nashville Warbler","NAWA","eastern_forests",6450,"Nashville Warbler",TRUE,TRUE,TRUE,"Nashville Warbler"
"Nelson's Sparrow","NESP","grasslands",5491,"Nelson's Sparrow",TRUE,TRUE,TRUE,"Nelson's Sparrow"
"Neotropic Cormorant","NECO","coastal",1210,"Neotropic Cormorant",TRUE,TRUE,TRUE,"Neotropic Cormorant"
"Northern Beardless-Tyrannulet","NOBT","aridlands",NA,NA,FALSE,TRUE,TRUE,"Northern Beardless-Tyrannulet"
"Northern Bobwhite","NOBO","grasslands",NA,NA,FALSE,TRUE,TRUE,"Northern Bobwhite"
"Northern Cardinal","NOCA","eastern_forests",5930,"Northern Cardinal",TRUE,TRUE,TRUE,"Northern Cardinal"
"Northern Flicker","NOFL","generalists",4123,NA,TRUE,FALSE,TRUE,"Northern Flicker (all forms)"
"Northern Fulmar","NOFU","coastal",860,"Northern Fulmar",TRUE,TRUE,TRUE,"Northern Fulmar"
"Northern Gannet","NOGA","coastal",1170,"Northern Gannet",TRUE,TRUE,TRUE,"Northern Gannet"
"Northern Goshawk","NOGO","boreal_forests",3340,"Northern Goshawk",TRUE,FALSE,TRUE,"American Goshawk"
"Northern Harrier","NOHA","marshlands",3310,"Northern Harrier",TRUE,TRUE,TRUE,"Northern Harrier"
"Northern Hawk Owl","NHOW","boreal_forests",3770,"Northern Hawk Owl",TRUE,TRUE,TRUE,"Northern Hawk Owl"
"Northern Mockingbird","NOMO","generalists",7030,"Northern Mockingbird",TRUE,TRUE,TRUE,"Northern Mockingbird"
"Northern Parula","NOPA","eastern_forests",6480,"Northern Parula",TRUE,TRUE,TRUE,"Northern Parula"
"Northern Pintail","NOPI","marshlands",1430,"Northern Pintail",TRUE,TRUE,TRUE,"Northern Pintail"
"Northern Pygmy-Owl","NOPO","western_forests",3790,"Northern Pygmy-Owl",TRUE,TRUE,TRUE,"Northern Pygmy-Owl"
"Northern Rough-winged Swallow","NRWS","generalists",6170,"Northern Rough-winged Swallow",TRUE,TRUE,TRUE,"Northern Rough-winged Swallow"
"Northern Saw-whet Owl","NSWO","boreal_forests",3720,"Northern Saw-whet Owl",TRUE,TRUE,TRUE,"Northern Saw-whet Owl"
"Northern Shoveler","NSHO","marshlands",1420,"Northern Shoveler",TRUE,TRUE,TRUE,"Northern Shoveler"
"Northern Shrike","NSHR","boreal_forests",6210,"Northern Shrike",TRUE,TRUE,TRUE,"Northern Shrike"
"Northern Waterthrush","NOWA","boreal_forests",6750,"Northern Waterthrush",TRUE,TRUE,TRUE,"Northern Waterthrush"
"Northwestern Crow","NOCR","generalists",4880,"Northwestern Crow",TRUE,FALSE,TRUE,"American Crow"
"Nuttall's Woodpecker","NUWO","western_forests",3970,"Nuttall's Woodpecker",TRUE,TRUE,TRUE,"Nuttall's Woodpecker"
"Oak Titmouse","OATI","western_forests",7330,"Oak Titmouse",TRUE,TRUE,TRUE,"Oak Titmouse"
"Olive Sparrow","OLSP","subtropical_forests",5860,"Olive Sparrow",TRUE,TRUE,TRUE,"Olive Sparrow"
"Olive Warbler","OLWA","subtropical_forests",6510,"Olive Warbler",TRUE,TRUE,TRUE,"Olive Warbler"
"Olive-sided Flycatcher","OSFL","boreal_forests",4590,"Olive-sided Flycatcher",TRUE,TRUE,TRUE,"Olive-sided Flycatcher"
"Orange-crowned Warbler","OCWA","western_forests",6460,"Orange-crowned Warbler",TRUE,TRUE,TRUE,"Orange-crowned Warbler"
"Orchard Oriole","OROR","eastern_forests",5060,"Orchard Oriole",TRUE,TRUE,TRUE,"Orchard Oriole"
"Osprey","OSPR","waterbirds",3640,"Osprey",TRUE,TRUE,TRUE,"Osprey"
"Ovenbird","OVEN","eastern_forests",6740,"Ovenbird",TRUE,TRUE,TRUE,"Ovenbird"
"Pacific Golden-Plover","PAGP","waterbirds",2721,"Pacific Golden-Plover",TRUE,TRUE,TRUE,"Pacific Golden-Plover"
"Pacific Loon","PALO","waterbirds",100,"Pacific Loon",TRUE,TRUE,TRUE,"Pacific Loon"
"Pacific Wren","PAWR","western_forests",7221,"Pacific Wren",TRUE,TRUE,TRUE,"Pacific Wren"
"Pacific-slope Flycatcher","PSFL","western_forests",4641,"Pacific-slope Flycatcher",TRUE,FALSE,TRUE,"(Pacific-slope Flycatcher) Western Flycatcher"
"Painted Bunting","PABU","aridlands",6010,"Painted Bunting",TRUE,TRUE,TRUE,"Painted Bunting"
"Painted Redstart","PARE","subtropical_forests",6880,"Painted Redstart",TRUE,TRUE,TRUE,"Painted Redstart"
"Palm Warbler","PAWA","boreal_forests",NA,NA,FALSE,TRUE,TRUE,"Palm Warbler"
"Parasitic Jaeger","PAJA","coastal",370,"Parasitic Jaeger",TRUE,TRUE,TRUE,"Parasitic Jaeger"
"Pectoral Sandpiper","PESA","waterbirds",2390,"Pectoral Sandpiper",TRUE,TRUE,TRUE,"Pectoral Sandpiper"
"Pelagic Cormorant","PECO","coastal",1230,"Pelagic Cormorant",TRUE,TRUE,TRUE,"Pelagic Cormorant"
"Peregrine Falcon","PEFA","generalists",3560,"Peregrine Falcon",TRUE,TRUE,TRUE,"Peregrine Falcon"
"Phainopepla","PHAI","aridlands",6200,"Phainopepla",TRUE,TRUE,TRUE,"Phainopepla"
"Philadelphia Vireo","PHVI","boreal_forests",6260,"Philadelphia Vireo",TRUE,TRUE,TRUE,"Philadelphia Vireo"
"Pied-billed Grebe","PBGR","marshlands",60,"Pied-billed Grebe",TRUE,TRUE,TRUE,"Pied-billed Grebe"
"Pigeon Guillemot","PIGU","coastal",290,"Pigeon Guillemot",TRUE,TRUE,TRUE,"Pigeon Guillemot"
"Pileated Woodpecker","PIWO","eastern_forests",4050,"Pileated Woodpecker",TRUE,TRUE,TRUE,"Pileated Woodpecker"
"Pine Grosbeak","PIGR","boreal_forests",5150,"Pine Grosbeak",TRUE,TRUE,TRUE,"Pine Grosbeak"
"Pine Siskin","PISI","western_forests",5330,"Pine Siskin",TRUE,TRUE,TRUE,"Pine Siskin"
"Pine Warbler","PIWA","eastern_forests",6710,"Pine Warbler",TRUE,TRUE,TRUE,"Pine Warbler"
"Pinyon Jay","PIJA","western_forests",4920,"Pinyon Jay",TRUE,TRUE,TRUE,"Pinyon Jay"
"Piping Plover","PIPL","coastal",2770,"Piping Plover",TRUE,TRUE,TRUE,"Piping Plover"
"Plain Chachalaca","PLCH","subtropical_forests",NA,NA,FALSE,TRUE,TRUE,"Plain Chachalaca"
"Plumbeous Vireo","PLVI","western_forests",6291,"Plumbeous Vireo",TRUE,TRUE,TRUE,"Cassin's Vireo"
"Pomarine Jaeger","POJA","waterbirds",360,"Pomarine Jaeger",TRUE,TRUE,TRUE,"Pomarine Jaeger"
"Prairie Falcon","PRFA","aridlands",3550,"Prairie Falcon",TRUE,TRUE,TRUE,"Prairie Falcon"
"Prairie Warbler","PRAW","eastern_forests",6730,"Prairie Warbler",TRUE,TRUE,TRUE,"Prairie Warbler"
"Prothonotary Warbler","PROW","eastern_forests",6370,"Prothonotary Warbler",TRUE,TRUE,TRUE,"Prothonotary Warbler"
"Purple Finch","PUFI","boreal_forests",5170,"Purple Finch",TRUE,TRUE,TRUE,"Purple Finch"
"Purple Martin","PUMA","generalists",6110,"Purple Martin",TRUE,TRUE,TRUE,"Purple Martin"
"Purple Sandpiper","PUSA","waterbirds",2350,"Purple Sandpiper",TRUE,TRUE,TRUE,"Purple Sandpiper"
"Pygmy Nuthatch","PYNU","western_forests",7300,"Pygmy Nuthatch",TRUE,TRUE,TRUE,"Pygmy Nuthatch"
"Pyrrhuloxia","PYRR","aridlands",5940,"Pyrrhuloxia",TRUE,TRUE,TRUE,"Pyrrhuloxia"
"Razorbill","RAZO","coastal",320,"Razorbill",TRUE,TRUE,TRUE,"Razorbill"
"Red Crossbill","RECR","boreal_forests",5210,"Red Crossbill",TRUE,TRUE,TRUE,"Red Crossbill"
"Red Knot","REKN","waterbirds",2340,"Red Knot",TRUE,TRUE,TRUE,"Red Knot"
"Red Phalarope","REPH","waterbirds",2220,"Red Phalarope",TRUE,TRUE,TRUE,"Red Phalarope"
"Red-bellied Woodpecker","RBWO","eastern_forests",4090,"Red-bellied Woodpecker",TRUE,TRUE,TRUE,"Red-bellied Woodpecker"
"Red-breasted Merganser","RBME","waterbirds",1300,"Red-breasted Merganser",TRUE,TRUE,TRUE,"Red-breasted Merganser"
"Red-breasted Nuthatch","RBNU","boreal_forests",7280,"Red-breasted Nuthatch",TRUE,TRUE,TRUE,"Red-breasted Nuthatch"
"Red-breasted Sapsucker","RBSA","western_forests",4030,"Red-breasted Sapsucker",TRUE,TRUE,TRUE,"Red-breasted Sapsucker"
"Red-cockaded Woodpecker","RCWO","eastern_forests",3950,"Red-cockaded Woodpecker",TRUE,TRUE,TRUE,"Red-cockaded Woodpecker"
"Red-crowned Parrot","RCPA","subtropical_forests",3826,"Red-crowned Parrot",TRUE,TRUE,TRUE,"Red-crowned Parrot"
"Reddish Egret","REEG","coastal",1980,"Reddish Egret",TRUE,TRUE,TRUE,"Reddish Egret"
"Red-eyed Vireo","REVI","eastern_forests",6240,"Red-eyed Vireo",TRUE,TRUE,TRUE,"Red-eyed Vireo"
"Red-faced Cormorant","RFCO","coastal",1207,"Red-faced Cormorant",TRUE,FALSE,TRUE,"unid. west coast cormorant"
"Red-faced Warbler","RFWA","subtropical_forests",6900,"Red-faced Warbler",TRUE,TRUE,TRUE,"Red-faced Warbler"
"Redhead","REDH","marshlands",1460,"Redhead",TRUE,TRUE,TRUE,"Redhead"
"Red-headed Woodpecker","RHWO","eastern_forests",4060,"Red-headed Woodpecker",TRUE,TRUE,TRUE,"Red-headed Woodpecker"
"Red-naped Sapsucker","RNSA","western_forests",4021,"Red-naped Sapsucker",TRUE,TRUE,TRUE,"Red-naped Sapsucker"
"Red-necked Grebe","RNGR","marshlands",20,"Red-necked Grebe",TRUE,TRUE,TRUE,"Red-necked Grebe"
"Red-necked Phalarope","RNPH","waterbirds",2230,"Red-necked Phalarope",TRUE,TRUE,TRUE,"Red-necked Phalarope"
"Red-shouldered Hawk","RSHA","eastern_forests",3390,"Red-shouldered Hawk",TRUE,TRUE,TRUE,"Red-shouldered Hawk"
"Red-tailed Hawk","RTHA","generalists",3370,"Red-tailed Hawk",TRUE,FALSE,TRUE,"Red-tailed Hawk (all forms)"
"Red-throated Loon","RTLO","waterbirds",110,"Red-throated Loon",TRUE,TRUE,TRUE,"Red-throated Loon"
"Red-winged Blackbird","RWBL","generalists",4980,"Red-winged Blackbird",TRUE,TRUE,TRUE,"Red-winged Blackbird"
"Rhinoceros Auklet","RHAU","coastal",150,"Rhinoceros Auklet",TRUE,TRUE,TRUE,"Rhinoceros Auklet"
"Ridgway's Rail","RIRA","marshlands",NA,NA,FALSE,TRUE,TRUE,"Ridgway's Rail"
"Ring-billed Gull","RBGU","waterbirds",540,"Ring-billed Gull",TRUE,TRUE,TRUE,"Ring-billed Gull"
"Ringed Kingfisher","RIKI","waterbirds",3901,"Ringed Kingfisher",TRUE,TRUE,TRUE,"Ringed Kingfisher"
"Ring-necked Duck","RNDU","waterbirds",1500,"Ring-necked Duck",TRUE,TRUE,TRUE,"Ring-necked Duck"
"Ring-necked Pheasant","RNEP","grasslands",NA,NA,FALSE,TRUE,TRUE,"Ring-necked Pheasant"
"Rock Pigeon","ROPI","urban_suburban",NA,NA,FALSE,TRUE,TRUE,"Rock Pigeon"
"Rock Ptarmigan","ROPT","arctic",NA,NA,FALSE,TRUE,TRUE,"Rock Ptarmigan"
"Rock Sandpiper","ROSA","coastal",2360,"Rock Sandpiper",FALSE,TRUE,TRUE,"Rock Sandpiper"
"Rock Sandpiper","ROSA","waterbirds",2360,"Rock Sandpiper",FALSE,TRUE,TRUE,"Rock Sandpiper"
"Rock Wren","ROWR","aridlands",7150,"Rock Wren",TRUE,TRUE,TRUE,"Rock Wren"
"Roseate Spoonbill","ROSP","coastal",1830,"Roseate Spoonbill",TRUE,TRUE,TRUE,"Roseate Spoonbill"
"Rose-breasted Grosbeak","RBGR","eastern_forests",5950,"Rose-breasted Grosbeak",TRUE,TRUE,TRUE,"Rose-breasted Grosbeak"
"Ross's Goose","ROGO","waterbirds",1700,"Ross's Goose",TRUE,TRUE,TRUE,"Ross's Goose"
"Rough-legged Hawk","RLHA","arctic",3470,"Rough-legged Hawk",TRUE,TRUE,TRUE,"Rough-legged Hawk"
"Royal Tern","ROYT","coastal",650,"Royal Tern",TRUE,TRUE,TRUE,"Royal Tern"
"Ruby-crowned Kinglet","RCKI","western_forests",7490,"Ruby-crowned Kinglet",TRUE,TRUE,TRUE,"Ruby-crowned Kinglet"
"Ruby-throated Hummingbird","RTHU","eastern_forests",4280,"Ruby-throated Hummingbird",TRUE,TRUE,TRUE,"Ruby-throated Hummingbird"
"Ruddy Duck","RUDU","marshlands",1670,"Ruddy Duck",TRUE,TRUE,TRUE,"Ruddy Duck"
"Ruddy Turnstone","RUTU","waterbirds",2830,"Ruddy Turnstone",TRUE,TRUE,TRUE,"Ruddy Turnstone"
"Ruffed Grouse","RUGR","boreal_forests",NA,NA,FALSE,TRUE,TRUE,"Ruffed Grouse"
"Rufous Hummingbird","RUHU","western_forests",4330,"Rufous Hummingbird",TRUE,TRUE,TRUE,"Rufous Hummingbird"
"Rufous-crowned Sparrow","RCSP","aridlands",5800,"Rufous-crowned Sparrow",TRUE,TRUE,TRUE,"Rufous-crowned Sparrow"
"Rufous-winged Sparrow","RWSP","aridlands",5790,"Rufous-winged Sparrow",TRUE,TRUE,TRUE,"Rufous-winged Sparrow"
"Rusty Blackbird","RUBL","boreal_forests",5090,"Rusty Blackbird",TRUE,TRUE,TRUE,"Rusty Blackbird"
"Sabine's Gull","SAGU","coastal",620,"Sabine's Gull",TRUE,TRUE,TRUE,"Sabine's Gull"
"Sage Thrasher","SATH","aridlands",7020,"Sage Thrasher",TRUE,TRUE,TRUE,"Sage Thrasher"
"Sagebrush Sparrow","SABS","aridlands",NA,NA,FALSE,TRUE,TRUE,"Sagebrush Sparrow"
"Saltmarsh Sparrow","SALS","marshlands",5490,"Saltmarsh Sparrow",TRUE,TRUE,TRUE,"Saltmarsh Sparrow"
"Sanderling","SAND","waterbirds",2480,"Sanderling",TRUE,TRUE,TRUE,"Sanderling"
"Sandhill Crane","SACR","marshlands",2060,"Sandhill Crane",TRUE,TRUE,TRUE,"Sandhill Crane"
"Sandwich Tern","SATE","coastal",670,"Sandwich Tern",TRUE,TRUE,TRUE,"Sandwich Tern"
"Savannah Sparrow","SAVS","grasslands",5420,"Savannah Sparrow",TRUE,TRUE,TRUE,"Savannah Sparrow"
"Say's Phoebe","SAPH","generalists",4570,"Say's Phoebe",TRUE,TRUE,TRUE,"Say's Phoebe"
"Scaled Quail","SCQU","aridlands",NA,NA,FALSE,TRUE,TRUE,"Scaled Quail"
"Scarlet Tanager","SCTA","eastern_forests",6080,"Scarlet Tanager",TRUE,TRUE,TRUE,"Scarlet Tanager"
"Scissor-tailed Flycatcher","STFL","grasslands",4430,"Scissor-tailed Flycatcher",TRUE,TRUE,TRUE,"Scissor-tailed Flycatcher"
"Scott's Oriole","SCOR","aridlands",5040,"Scott's Oriole",TRUE,TRUE,TRUE,"Scott's Oriole"
"Seaside Sparrow","SESP","coastal",5500,"Seaside Sparrow",TRUE,TRUE,TRUE,"Seaside Sparrow"
"Sedge Wren","SEWR","grasslands",7240,"Sedge Wren",TRUE,TRUE,TRUE,"Sedge Wren"
"Semipalmated Plover","SEPL","coastal",2740,"Semipalmated Plover",TRUE,TRUE,TRUE,"Semipalmated Plover"
"Semipalmated Plover","SEPL","waterbirds",2740,"Semipalmated Plover",TRUE,TRUE,TRUE,"Semipalmated Plover"
"Semipalmated Sandpiper","SESA","waterbirds",2460,"Semipalmated Sandpiper",TRUE,TRUE,TRUE,"Semipalmated Sandpiper"
"Sharp-shinned Hawk","SSHA","western_forests",3320,"Sharp-shinned Hawk",TRUE,TRUE,TRUE,"Sharp-shinned Hawk"
"Sharp-tailed Grouse","STGR","grasslands",NA,NA,FALSE,TRUE,TRUE,"Sharp-tailed Grouse"
"Short-billed Dowitcher","SBDO","waterbirds",2310,"Short-billed Dowitcher",TRUE,TRUE,TRUE,"Short-billed Dowitcher"
"Short-eared Owl","SEOW","grasslands",3670,"Short-eared Owl",TRUE,TRUE,TRUE,"Short-eared Owl"
"Short-tailed Hawk","STHA","subtropical_forests",3440,"Short-tailed Hawk",TRUE,TRUE,TRUE,"Short-tailed Hawk"
"Smith's Longspur","SMLO","arctic",5370,"Smith's Longspur",TRUE,TRUE,TRUE,"Smith's Longspur"
"Snail Kite","SNKI","marshlands",3300,"Snail Kite",TRUE,TRUE,TRUE,"Snail Kite"
"Snow Bunting","SNBU","arctic",5340,"Snow Bunting",TRUE,TRUE,TRUE,"Snow Bunting"
"Snow Goose","SNGO","waterbirds",1690,NA,TRUE,FALSE,TRUE,"Snow Goose (all forms)"
"Snowy Egret","SNEG","marshlands",1970,"Snowy Egret",TRUE,TRUE,TRUE,"Snowy Egret"
"Snowy Owl","SNOW","arctic",3760,"Snowy Owl",TRUE,TRUE,TRUE,"Snowy Owl"
"Snowy Plover","SNPL","coastal",2780,"Snowy Plover",TRUE,TRUE,TRUE,"Snowy Plover"
"Solitary Sandpiper","SOSA","waterbirds",2560,"Solitary Sandpiper",TRUE,TRUE,TRUE,"Solitary Sandpiper"
"Song Sparrow","SOSP","generalists",5810,"Song Sparrow",TRUE,TRUE,TRUE,"Song Sparrow"
"Sora","SORA","marshlands",2140,"Sora",TRUE,TRUE,TRUE,"Sora"
"Spectacled Eider","SPEI","coastal",1580,"Spectacled Eider",TRUE,TRUE,TRUE,"Spectacled Eider"
"Spot-breasted Oriole","SBOR","urban_suburban",NA,NA,FALSE,TRUE,TRUE,"Spot-breasted Oriole"
"Spotted Dove","SPDO","urban_suburban",3151,"Spotted Dove",TRUE,TRUE,TRUE,"Spotted Dove"
"Spotted Owl","SPOW","western_forests",3690,"Spotted Owl",TRUE,TRUE,TRUE,"Spotted Owl"
"Spotted Sandpiper","SPSA","waterbirds",2630,"Spotted Sandpiper",TRUE,TRUE,TRUE,"Spotted Sandpiper"
"Spotted Towhee","SPTO","western_forests",5880,"Spotted Towhee",TRUE,TRUE,TRUE,"Spotted Towhee"
"Sprague's Pipit","SPPI","grasslands",7000,"Sprague's Pipit",TRUE,TRUE,TRUE,"Sprague's Pipit"
"Spruce Grouse","SPGR","boreal_forests",NA,NA,FALSE,TRUE,TRUE,"Spruce Grouse"
"Steller's Eider","STEI","coastal",1570,"Steller's Eider",TRUE,TRUE,TRUE,"Steller's Eider"
"Steller's Jay","STJA","western_forests",4780,"Steller's Jay",TRUE,TRUE,TRUE,"Steller's Jay"
"Stilt Sandpiper","STSA","waterbirds",2330,"Stilt Sandpiper",TRUE,TRUE,TRUE,"Stilt Sandpiper"
"Sulphur-bellied Flycatcher","SBFL","subtropical_forests",4510,"Sulphur-bellied Flycatcher",TRUE,TRUE,TRUE,"Sulphur-bellied Flycatcher"
"Summer Tanager","SUTA","eastern_forests",6100,"Summer Tanager",TRUE,TRUE,TRUE,"Summer Tanager"
"Surf Scoter","SUSC","coastal",1660,"Surf Scoter",TRUE,TRUE,TRUE,"Surf Scoter"
"Surf Scoter","SUSC","waterbirds",1660,"Surf Scoter",TRUE,TRUE,TRUE,"Surf Scoter"
"Surfbird","SURF","waterbirds",2820,"Surfbird",TRUE,TRUE,TRUE,"Surfbird"
"Swainson's Hawk","SWHA","grasslands",3420,"Swainson's Hawk",TRUE,TRUE,TRUE,"Swainson's Hawk"
"Swainson's Thrush","SWTH","boreal_forests",7580,"Swainson's Thrush",TRUE,TRUE,TRUE,"Swainson's Thrush"
"Swainson's Warbler","SWWA","eastern_forests",6380,"Swainson's Warbler",TRUE,TRUE,TRUE,"Swainson's Warbler"
"Swallow-tailed Kite","STKI","subtropical_forests",3270,"Swallow-tailed Kite",TRUE,TRUE,TRUE,"Swallow-tailed Kite"
"Swamp Sparrow","SWSP","marshlands",5840,"Swamp Sparrow",TRUE,TRUE,TRUE,"Swamp Sparrow"
"Tennessee Warbler","TEWA","boreal_forests",6470,"Tennessee Warbler",TRUE,TRUE,TRUE,"Tennessee Warbler"
"Thick-billed Kingbird","TBKI","subtropical_forests",4451,"Thick-billed Kingbird",TRUE,TRUE,TRUE,"Thick-billed Kingbird"
"Thick-billed Murre","TBMU","coastal",310,"Thick-billed Murre",TRUE,TRUE,TRUE,"Thick-billed Murre"
"Townsend's Solitaire","TOSO","western_forests",7540,"Townsend's Solitaire",TRUE,TRUE,TRUE,"Townsend's Solitaire"
"Townsend's Warbler","TOWA","western_forests",6680,"Townsend's Warbler",TRUE,TRUE,TRUE,"Townsend's Warbler"
"Tree Swallow","TRES","generalists",6140,"Tree Swallow",TRUE,TRUE,TRUE,"Tree Swallow"
"Tricolored Blackbird","TRBL","marshlands",5000,"Tricolored Blackbird",TRUE,TRUE,TRUE,"Tricolored Blackbird"
"Tricolored Heron","TRHE","marshlands",1990,"Tricolored Heron",TRUE,TRUE,TRUE,"Tricolored Heron"
"Tropical Kingbird","TRKI","aridlands",4460,"Tropical Kingbird",TRUE,TRUE,TRUE,"Tropical Kingbird"
"Tropical Parula","TRPA","subtropical_forests",6490,"Tropical Parula",TRUE,TRUE,TRUE,"Tropical Parula"
"Trumpeter Swan","TRUS","waterbirds",1810,"Trumpeter Swan",TRUE,TRUE,TRUE,"Trumpeter Swan"
"Tufted Titmouse","TUTI","eastern_forests",7310,"Tufted Titmouse",TRUE,TRUE,TRUE,"Tufted Titmouse"
"Tundra Swan","TUSW","waterbirds",NA,NA,FALSE,TRUE,TRUE,"Tundra Swan"
"Turkey Vulture","TUVU","generalists",3250,"Turkey Vulture",TRUE,TRUE,TRUE,"Turkey Vulture"
"Upland Sandpiper","UPSA","grasslands",2610,"Upland Sandpiper",TRUE,TRUE,TRUE,"Upland Sandpiper"
"Varied Bunting","VABU","aridlands",6000,"Varied Bunting",TRUE,TRUE,TRUE,"Varied Bunting"
"Varied Thrush","VATH","western_forests",7630,"Varied Thrush",TRUE,TRUE,TRUE,"Varied Thrush"
"Vaux's Swift","VASW","western_forests",4240,"Vaux's Swift",TRUE,TRUE,TRUE,"Vaux's Swift"
"Veery","VEER","eastern_forests",7560,"Veery",TRUE,TRUE,TRUE,"Veery"
"Verdin","VERD","aridlands",7460,"Verdin",TRUE,TRUE,TRUE,"Verdin"
"Vermilion Flycatcher","VEFL","aridlands",4710,"Vermilion Flycatcher",TRUE,TRUE,TRUE,"Vermilion Flycatcher"
"Vesper Sparrow","VESP","grasslands",5400,"Vesper Sparrow",TRUE,TRUE,TRUE,"Vesper Sparrow"
"Violet-green Swallow","VGSW","western_forests",6150,"Violet-green Swallow",TRUE,TRUE,TRUE,"Violet-green Swallow"
"Virginia Rail","VIRA","marshlands",2120,"Virginia Rail",TRUE,TRUE,TRUE,"Virginia Rail"
"Virginia's Warbler","VIWA","western_forests",6440,"Virginia's Warbler",TRUE,TRUE,TRUE,"Virginia's Warbler"
"Wandering Tattler","WATA","waterbirds",2590,"Wandering Tattler",TRUE,TRUE,TRUE,"Wandering Tattler"
"Warbling Vireo","WAVI","generalists",6270,"Warbling Vireo",TRUE,TRUE,TRUE,"Warbling Vireo"
"Western Bluebird","WEBL","western_forests",7670,"Western Bluebird",TRUE,TRUE,TRUE,"Western Bluebird"
"Western Grebe","WEGR","marshlands",10,"Western Grebe",TRUE,TRUE,TRUE,"Western Grebe"
"Western Gull","WEGU","coastal",490,"Western Gull",TRUE,TRUE,TRUE,"Western Gull"
"Western Kingbird","WEKI","grasslands",4470,"Western Kingbird",TRUE,TRUE,TRUE,"Western Kingbird"
"Western Meadowlark","WEME","grasslands",5011,"Western Meadowlark",TRUE,TRUE,TRUE,"Western Meadowlark"
"Western Sandpiper","WESA","waterbirds",2470,"Western Sandpiper",TRUE,TRUE,TRUE,"Western Sandpiper"
"Western Screech-Owl","WESO","western_forests",3732,"Western Screech-Owl",TRUE,TRUE,TRUE,"Western Screech-Owl"
"Western Tanager","WETA","western_forests",6070,"Western Tanager",TRUE,TRUE,TRUE,"Western Tanager"
"Western Wood-Pewee","WEWP","western_forests",4620,"Western Wood-Pewee",TRUE,TRUE,TRUE,"Western Wood-Pewee"
"Whimbrel","WHIM","waterbirds",2650,"Whimbrel",TRUE,TRUE,TRUE,"Whimbrel"
"Whiskered Screech-Owl","WHSO","subtropical_forests",3731,"Whiskered Screech-Owl",TRUE,TRUE,TRUE,"Whiskered Screech-Owl"
"White Ibis","WHIB","marshlands",1840,"White Ibis",TRUE,TRUE,TRUE,"White Ibis"
"White-breasted Nuthatch","WBNU","eastern_forests",7270,"White-breasted Nuthatch",TRUE,TRUE,TRUE,"White-breasted Nuthatch"
"White-crowned Pigeon","WCPI","coastal",3140,"White-crowned Pigeon",TRUE,TRUE,TRUE,"White-crowned Pigeon"
"White-crowned Sparrow","WCSP","generalists",5540,"White-crowned Sparrow",TRUE,TRUE,TRUE,"White-crowned Sparrow"
"White-eyed Vireo","WEVI","eastern_forests",6310,"White-eyed Vireo",TRUE,TRUE,TRUE,"White-eyed Vireo"
"White-faced Ibis","WFIB","marshlands",1870,"White-faced Ibis",TRUE,TRUE,TRUE,"White-faced Ibis"
"White-headed Woodpecker","WHWO","western_forests",3990,"White-headed Woodpecker",TRUE,TRUE,TRUE,"White-headed Woodpecker"
"White-rumped Sandpiper","WRSA","waterbirds",2400,"White-rumped Sandpiper",TRUE,TRUE,TRUE,"White-rumped Sandpiper"
"White-tailed Hawk","WTHA","grasslands",3410,"White-tailed Hawk",TRUE,TRUE,TRUE,"White-tailed Hawk"
"White-tailed Kite","WTKI","aridlands",3280,"White-tailed Kite",TRUE,TRUE,TRUE,"White-tailed Kite"
"White-throated Sparrow","WTSP","boreal_forests",5580,"White-throated Sparrow",TRUE,TRUE,TRUE,"White-throated Sparrow"
"White-throated Swift","WTSW","aridlands",4250,"White-throated Swift",TRUE,TRUE,TRUE,"White-throated Swift"
"White-tipped Dove","WTDO","subtropical_forests",3180,"White-tipped Dove",TRUE,TRUE,TRUE,"White-tipped Dove"
"White-winged Crossbill","WWCR","boreal_forests",5220,"White-winged Crossbill",TRUE,TRUE,TRUE,"White-winged Crossbill"
"White-winged Dove","WWDO","aridlands",3190,"White-winged Dove",TRUE,TRUE,TRUE,"White-winged Dove"
"White-winged Scoter","WWSC","waterbirds",1650,"White-winged Scoter",TRUE,TRUE,TRUE,"White-winged Scoter"
"Whooping Crane","WHCR","waterbirds",2040,"Whooping Crane",TRUE,TRUE,TRUE,"Whooping Crane"
"Wild Turkey","WITU","generalists",NA,NA,FALSE,TRUE,TRUE,"Wild Turkey"
"Willet","WILL","coastal",2580,"Willet",TRUE,TRUE,TRUE,"Willet"
"Willet","WILL","waterbirds",2580,"Willet",TRUE,TRUE,TRUE,"Willet"
"Williamson's Sapsucker","WISA","western_forests",4040,"Williamson's Sapsucker",TRUE,TRUE,TRUE,"Williamson's Sapsucker"
"Willow Flycatcher","WIFL","western_forests",4660,"Willow Flycatcher",TRUE,TRUE,TRUE,"Willow Flycatcher"
"Willow Ptarmigan","WIPT","arctic",NA,NA,FALSE,TRUE,TRUE,"Willow Ptarmigan"
"Wilson's Phalarope","WIPH","marshlands",2240,"Wilson's Phalarope",TRUE,TRUE,TRUE,"Wilson's Phalarope"
"Wilson's Plover","WIPL","coastal",2800,"Wilson's Plover",TRUE,TRUE,TRUE,"Wilson's Plover"
"Wilson's Snipe","WISN","marshlands",2300,"Wilson's Snipe",TRUE,TRUE,TRUE,"Wilson's Snipe"
"Wilson's Warbler","WIWA","western_forests",6850,"Wilson's Warbler",TRUE,TRUE,TRUE,"Wilson's Warbler"
"Winter Wren","WIWR","eastern_forests",7220,"Winter Wren",TRUE,TRUE,TRUE,"unid. Pacific Wren / Winter Wren"
"Wood Duck","WODU","waterbirds",1440,"Wood Duck",TRUE,TRUE,TRUE,"Wood Duck"
"Wood Stork","WOST","marshlands",1880,"Wood Stork",TRUE,TRUE,TRUE,"Wood Stork"
"Wood Thrush","WOTH","eastern_forests",7550,"Wood Thrush",TRUE,TRUE,TRUE,"Wood Thrush"
"Woodhouse's Scrub-Jay","WOSJ","western_forests",NA,NA,FALSE,TRUE,TRUE,"Woodhouse's Scrub-Jay"
"Worm-eating Warbler","WEWA","eastern_forests",6390,"Worm-eating Warbler",TRUE,TRUE,TRUE,"Worm-eating Warbler"
"Wrentit","WREN","aridlands",7420,"Wrentit",TRUE,TRUE,TRUE,"Wrentit"
"Yellow Rail","YERA","marshlands",2150,"Yellow Rail",TRUE,TRUE,TRUE,"Yellow Rail"
"Yellow Warbler","YEWA","boreal_forests",6520,"Yellow Warbler",TRUE,TRUE,TRUE,"Yellow Warbler"
"Yellow-bellied Flycatcher","YBFL","boreal_forests",4630,"Yellow-bellied Flycatcher",TRUE,TRUE,TRUE,"Yellow-bellied Flycatcher"
"Yellow-bellied Sapsucker","YBSA","eastern_forests",4020,"Yellow-bellied Sapsucker",TRUE,TRUE,TRUE,"Yellow-bellied Sapsucker"
"Yellow-billed Cuckoo","YBCU","eastern_forests",3870,"Yellow-billed Cuckoo",TRUE,TRUE,TRUE,"Yellow-billed Cuckoo"
"Yellow-billed Loon","YBLO","waterbirds",80,"Yellow-billed Loon",TRUE,TRUE,TRUE,"Yellow-billed Loon"
"Yellow-billed Magpie","YBMA","western_forests",4760,"Yellow-billed Magpie",TRUE,TRUE,TRUE,"Yellow-billed Magpie"
"Yellow-breasted Chat","YBCH","eastern_forests",6830,"Yellow-breasted Chat",TRUE,TRUE,TRUE,"Yellow-breasted Chat"
"Yellow-crowned Night-Heron","YCNH","marshlands",2030,"Yellow-crowned Night-Heron",TRUE,FALSE,TRUE,"Yellow-crowned Night Heron"
"Yellow-eyed Junco","YEJU","subtropical_forests",5700,"Yellow-eyed Junco",TRUE,TRUE,TRUE,"Yellow-eyed Junco"
"Yellow-footed Gull","YFGU","coastal",491,"Yellow-footed Gull",FALSE,FALSE,FALSE,NA
"Yellow-headed Blackbird","YHBL","marshlands",4970,"Yellow-headed Blackbird",TRUE,TRUE,TRUE,"Yellow-headed Blackbird"
"Yellow-rumped Warbler","YRWA","boreal_forests",6556,NA,TRUE,FALSE,TRUE,"Yellow-rumped Warbler (all forms)"
"Yellow-throated Vireo","YTVI","eastern_forests",6280,"Yellow-throated Vireo",TRUE,TRUE,TRUE,"Yellow-throated Vireo"
"Yellow-throated Warbler","YTWA","eastern_forests",6630,"Yellow-throated Warbler",TRUE,TRUE,TRUE,"Yellow-throated Warbler"
"Zone-tailed Hawk","ZTHA","western_forests",3400,"Zone-tailed Hawk",TRUE,TRUE,TRUE,"Zone-tailed Hawk"
